{
  "phaB": {
    "threshold": 0.48991121872477805,
    "f1": 0.9230769230769231,
    "ci_95": [
      0.48991121872477805,
      0.570975416336241
    ]
  },
  "phaA": {
    "threshold": 0.7160804020100503,
    "f1": 0.9411764705882353,
    "ci_95": [
      0.3985249237029502,
      0.7695035460992907
    ]
  },
  "phaJ": {
    "threshold": 0.4185692541856925,
    "f1": 1.0,
    "ci_95": [
      0.4185692541856925,
      0.4185692541856925
    ]
  },
  "phaG": {
    "threshold": 0.5823071937783538,
    "f1": 1.0,
    "ci_95": [
      0.5823071937783538,
      0.9507453013609851
    ]
  }
}