{
  "phaB": {
    "threshold": 0.8087876322213181,
    "f1": 0.5,
    "ci_95": [
      0.04541666666666667,
      0.849017662038289
    ]
  },
  "phaA": {
    "threshold": 0.4768160741885626,
    "f1": 0.8571428571428571,
    "ci_95": [
      0.3985249237029502,
      0.7477110885045778
    ]
  },
  "phaJ": {
    "threshold": 0.0,
    "f1": 0.0,
    "ci_95": [
      0.0,
      0.0
    ]
  },
  "phaG": {
    "threshold": 0.07062600321027288,
    "f1": 1.0,
    "ci_95": [
      0.07062600321027288,
      0.9507453013609851
    ]
  }
}